game_string,play_per_game,runner,catcher,outcome_raw,outcome_model,safe_binary,outcome_factor,top_speed,top_speed_mph,jump,pop_time,throw_velo,exchange_time,flight_time,arrival_dist_to_2b,safe_prob,safe_pct,model_prediction,scoreboard_label,model_story
y1_d073_XPO_PHD,56.0,PHD-5994,XPO-7814,"Caught (inning-ending, verify)",Out,0.0,Out,27.064346506185473,18.45295860615437,4.317526957849687,1.95,71.99716868894828,0.65,1.3,3.2359584809630726,0.7511855710823153,75.0,Safe,GOOD TAG!,"Model expected the runner to be safe, but the defense created an out."
y1_d103_WTH_VAS,14.0,WTH-4286,VAS-9559,"Caught (inning-ending, verify)",Out,0.0,Out,29.001404371852573,19.77367952600778,3.9047054824590397,1.9,77.05907502731287,0.65,1.25,2.5123427226876935,0.7378446669426322,74.0,Safe,GOOD TAG!,"Model expected the runner to be safe, but the defense created an out."
y1_d133_ARN_VAS,25.0,VAS-7569,ARN-0174,Safe,Safe,1.0,Safe,25.993662540745163,17.722947006205786,0.8105566561267175,1.85,79.67319004191236,0.65,1.2,3.0887483990439892,0.3433650451510528,34.0,Out,GOOD SLIDE!,"Model expected the runner to be out, but the runner beat the expectation."
y1_d138_HYG_PHD,168.0,HYG-0835,PHD-5619,Safe,Safe,1.0,Safe,26.47532066345992,18.051350184118917,3.530557819028761,1.914,78.91259792907071,0.726,1.188,4.474492637024835,0.37866802868815547,38.0,Out,GOOD SLIDE!,"Model expected the runner to be out, but the runner beat the expectation."
y1_d151_VNG_VAS,98.0,VAS-4154,VNG-5259,Safe,Safe,1.0,Safe,26.100850611676993,17.796029762352386,7.853832150883532,1.9,78.47831458973403,0.65,1.25,3.4703087146067633,0.3015202843728063,30.0,Out,GOOD SLIDE!,"Model expected the runner to be out, but the runner beat the expectation."
y1_d155.5_XOZ_ARN,28.0,ARN-6201,XOZ-7026,"Caught (inning-ending, verify)",Out,0.0,Out,29.124731109886852,19.857765915880833,4.136444545780929,1.914,77.9363921740361,0.726,1.188,2.848546472473049,0.7082686107085366,71.0,Safe,GOOD TAG!,"Model expected the runner to be safe, but the defense created an out."
y1_d163_FNQ_PHD,66.0,PHD-0812,FNQ-7853,Safe,Safe,1.0,Safe,28.201649083128494,19.228391974560505,9.36088741270037,1.95,81.9785157275152,0.8,1.15,6.185788684898923,0.32743053690724666,33.0,Out,GOOD SLIDE!,"Model expected the runner to be out, but the runner beat the expectation."
y1_d166_SZJ_ANI,183.0,ANI-3725,SZJ-5082,Safe,Safe,1.0,Safe,25.036381379398424,17.070255479338677,8.488773740776711,1.95,80.75968250318354,0.75,1.2,3.8598523370534057,0.13281267574309635,13.0,Out,GOOD SLIDE!,"Model expected the runner to be out, but the runner beat the expectation."
y1_d166_SZJ_ANI,252.0,ANI-1193,SZJ-5082,"Caught (inning-ending, verify)",Out,0.0,Out,28.954794294483055,19.74189993627585,1.9046435045516645,1.8,78.77925039820663,0.6,1.2,2.7713254044532447,0.7049963104452712,70.0,Safe,GOOD TAG!,"Model expected the runner to be safe, but the defense created an out."
y1_d178_AVV_ARN,100.0,ARN-6658,AVV-5369,Safe,Safe,1.0,Safe,26.903472274430225,18.343271659207467,3.1268689202769835,1.914,80.0979157041931,0.693,1.221,1.4237722686978067,0.37433635402213783,37.0,Out,GOOD SLIDE!,"Model expected the runner to be out, but the runner beat the expectation."
y1_d186_TDW_ARN,165.0,ARN-6201,TDW-9563,"Caught (inning-ending, verify)",Out,0.0,Out,28.814448160249317,19.64620941572487,8.412344108825872,1.85,75.73517759864409,0.65,1.2,4.090262386804208,0.726205587535159,73.0,Safe,GOOD TAG!,"Model expected the runner to be safe, but the defense created an out."
y1_d187_RRM_VAS,6.0,RRM-1635,VAS-6967,Safe,Safe,1.0,Safe,25.624430334377358,17.471197841724504,10.860957051151068,2.05,78.64260472845186,0.75,1.3,2.7728676285342244,0.19691298402217308,20.0,Out,GOOD SLIDE!,"Model expected the runner to be out, but the runner beat the expectation."
