game_string,play_per_game,runner,catcher,outcome,top_speed,jump
y1_d066_VAS_PHD,18.0,PHD-5994,VAS-5761,Safe,27.370991613337278,4.676853279666336
y1_d067.5_NLG_ANI,134.0,ANI-7878,NLG-2932,Safe,21.271754425093977,0.619223769610965
y1_d073_XPO_PHD,56.0,PHD-5994,XPO-7814,"Caught (inning-ending, verify)",27.064346506185473,4.317526957849687
y1_d073_XPO_PHD,370.0,XPO-3462,PHD-0571,Safe,28.53671193640149,4.613824188822992
y1_d074_XPO_PHD,121.0,XPO-9759,PHD-5504,Safe,26.77480464888485,0.8255693551450634
y1_d074_XPO_PHD,245.0,PHD-5994,XPO-3859,Safe,26.689841622180012,1.0369640782390306
y1_d075_XPO_PHD,149.0,XPO-9254,PHD-1790,"Caught (inning-ending, verify)",27.41129993245325,3.0406199023955764
y1_d077.5_PHD_VAS,174.0,PHD-8619,VAS-9559,"Caught (inning-ending, verify)",26.644054931538154,8.124856591854085
y1_d080_JJP_PHD,34.0,PHD-8619,JJP-3553,Safe,27.667972692788958,5.364310181345953
y1_d081_JJP_PHD,79.0,PHD-5994,JJP-0657,Safe,26.757948227363737,4.114433201235833
y1_d082_JJP_PHD,222.0,JJP-9950,PHD-0571,Safe,29.585221829726986,4.835120063252635
y1_d083_RYU_PHD,123.0,RYU-4519,PHD-1790,Safe,28.299893613996662,4.0881724931169
y1_d083_RYU_PHD,209.0,PHD-4573,RYU-6946,Safe,26.995188338976796,3.9297965968385107
y1_d086_OSW_VAS,132.0,VAS-0984,OSW-5572,"Caught (inning-ending, verify)",25.6053021667992,2.5331689614012642
y1_d093_PHD_VAS,104.0,VAS-5976,PHD-0571,"Caught (inning-ending, verify)",26.01068370007305,3.7825726530325845
y1_d094_WLI_ARN,268.0,ARN-9073,WLI-9342,"Caught (inning-ending, verify)",26.787861972590623,1.0785492626528246
y1_d095_NFP_PHD,77.0,NFP-4990,PHD-5504,Safe,27.960018197356195,4.5467972592403925
y1_d096_NFP_PHD,239.0,NFP-4990,PHD-0571,Safe,27.330778948714162,4.802138366333153
y1_d096_WLI_ARN,42.0,WLI-9115,ARN-2183,Safe,24.977338015820514,1.8668375446686838
y1_d097_NYN_ARN,197.0,NYN-2285,ARN-9747,"Caught (inning-ending, verify)",27.466794590538115,8.41131664721684
y1_d099_CYU_PHD,16.0,CYU-2276,PHD-5504,"Caught (inning-ending, verify)",25.719807971928297,3.3683701750473958
y1_d103_WTH_VAS,14.0,WTH-4286,VAS-9559,"Caught (inning-ending, verify)",29.001404371852573,3.9047054824590397
y1_d104.5_FSD_ARN,97.0,ARN-6658,FSD-3995,"Caught (inning-ending, verify)",26.715577024422128,8.491615108254011
y1_d105.5_OER_ANI,166.0,OER-0542,ANI-1165,Safe,27.06303987851429,1.078394521445599
y1_d106_MSN_VAS,278.0,VAS-5976,MSN-5457,"Caught (inning-ending, verify)",26.815087456184763,0.7172371017867825
y1_d111_XGM_PHD,155.0,XGM-5318,PHD-5504,Safe,28.422384935922416,3.39754909933788
y1_d112_JPB_ANI,223.0,JPB-3951,ANI-7970,Safe,26.685719998200653,0.8306242408672233
y1_d112_JPB_ANI,251.0,ANI-2596,JPB-2861,Safe,20.84561463347229,5.820642889376213
y1_d112_XGM_PHD,353.0,PHD-1580,XGM-6738,Safe,20.93106917676696,0.2745494646082989
y1_d113_JPB_ANI,208.0,JPB-0696,ANI-6566,Safe,30.05319086182365,4.4169201898039425
y1_d113_JPB_ANI,290.0,JPB-3951,ANI-6566,Safe,27.327526502277102,2.504943912255751
y1_d114_XGM_PHD,148.0,XGM-8468,PHD-5504,Safe,29.085126121873344,4.282546349825367
y1_d114_XGM_PHD,359.0,XGM-7146,PHD-5504,Safe,29.21448006245349,1.2094002175275875
y1_d115_JPB_ANI,6.0,JPB-2826,ANI-7970,Safe,28.36722098643251,3.6088899805345207
y1_d116_KTT_ARN,101.0,ARN-6658,KTT-9859,"Caught (inning-ending, verify)",26.628066267809828,4.030525909065818
y1_d118_MKS_ARN,63.0,ARN-8132,MKS-3614,"Caught (inning-ending, verify)",28.079604769013855,4.014623980968363
y1_d122_MSE_ANI,113.0,MSE-2365,ANI-6566,Safe,28.429797852319997,0.9124330757305543
y1_d123_MSE_ANI,132.0,ANI-3369,MSE-3452,Safe,22.273706020706456,1.1371047674626205
y1_d124_VAS_PHD,69.0,PHD-0812,VAS-9559,Safe,28.255324844598718,4.088236718061392
y1_d124_VAS_PHD,193.0,PHD-0812,VAS-9559,Safe,29.98746085224286,1.129415544594405
y1_d125_MEX_ANI,148.0,MEX-6247,ANI-6566,Safe,29.90830638146595,1.4152628593551846
y1_d125_NWM_ARN,249.0,ARN-0168,NWM-1152,"Caught (inning-ending, verify)",28.257272915663712,4.070430806331025
y1_d126_MEX_ANI,70.0,ANI-3725,MEX-8169,"Caught (inning-ending, verify)",24.510131622423437,6.9223139278570684
y1_d127_MEX_ANI,163.0,MEX-0209,ANI-7970,"Caught (inning-ending, verify)",26.132981660564017,4.197377518922936
y1_d127_MEX_ANI,185.0,MEX-9074,ANI-7970,Safe,29.52187803076323,4.592816402789122
y1_d127_NWM_ARN,45.0,NWM-9191,ARN-0174,Safe,27.841649706072154,3.1971099912650693
y1_d128_MEX_ANI,177.0,ANI-2830,MEX-8169,Safe,28.901743827405166,9.715372141278333
y1_d131_WDF_VAS,302.0,WDF-6092,VAS-9559,Safe,24.127603318582302,1.2529085307197327
y1_d133_ARN_VAS,25.0,VAS-7569,ARN-0174,Safe,25.993662540745163,0.8105566561267175
y1_d134_ARN_VAS,81.0,ARN-6201,VAS-9559,Safe,28.3874964708441,8.532070073904872
y1_d136_HYG_PHD,68.0,PHD-8619,HYG-7601,Safe,28.32110799451915,4.304503980604768
y1_d137_EXB_ARN,104.0,EXB-2802,ARN-9747,Safe,30.008241863808212,2.1832529020859432
y1_d137_EXB_ARN,152.0,EXB-6199,ARN-9747,Safe,25.72062268817786,1.408071132500119
y1_d137_EXB_ARN,211.0,EXB-6199,ARN-9747,Safe,26.56056256877544,2.593089154830988
y1_d137_EXB_ARN,265.0,ARN-8132,EXB-6045,Safe,23.502334697708626,1.1215135333528181
y1_d137_HYG_PHD,86.0,HYG-6702,PHD-5504,Safe,26.730748509101907,2.7870932801113675
y1_d137_HYG_PHD,274.0,HYG-6242,PHD-5504,"Caught (inning-ending, verify)",26.791117992299935,4.437015332143279
y1_d137_HYG_PHD,329.0,PHD-7166,HYG-7601,Safe,21.603881881475782,3.435071597284047
y1_d138_EXB_ARN,17.0,EXB-8390,ARN-0174,"Caught (inning-ending, verify)",24.0916096539729,3.733993336368334
y1_d138_HYG_PHD,11.0,HYG-0835,PHD-5619,Safe,26.975011177165495,3.809006826825488
y1_d138_HYG_PHD,168.0,HYG-0835,PHD-5619,Safe,26.47532066345992,3.530557819028761
y1_d138_QBR_ANI,178.0,ANI-2218,QBR-3535,"Caught (inning-ending, verify)",25.41695392632516,0.9441607883609464
y1_d139_QBR_ANI,6.0,QBR-2493,ANI-5638,Safe,27.692815076682262,3.9922628979259684
y1_d139_QBR_ANI,14.0,QBR-7562,ANI-5638,Safe,29.450211315216155,3.4482444960189333
y1_d139_QBR_ANI,57.0,QBR-2493,ANI-5638,Safe,28.249996193586743,3.6636321292424263
y1_d140_VAS_ARN,284.0,VAS-7028,ARN-9747,Safe,28.56619393403331,1.1904324456837472
y1_d141_QBR_ANI,58.0,ANI-2596,QBR-6071,Safe,25.966046639707763,3.779873079715376
y1_d144_ALC_ARN,10.0,ALC-5586,ARN-0174,Safe,27.621537158725534,4.096709457622271
y1_d144_BKO_VAS,49.0,VAS-5184,BKO-6847,"Caught (inning-ending, verify)",26.90596098099299,10.49174670795907
y1_d145_ADQ_ANI,259.0,ANI-7878,ADQ-7869,Safe,26.975976279371167,5.200876299083447
y1_d145_ADQ_ANI,368.0,ADQ-3824,ANI-6566,Safe,26.317813431716434,2.759189916157542
y1_d145_ALC_ARN,30.0,ARN-6201,ALC-2390,Safe,24.66779426272715,1.6676469666547717
y1_d145_ALC_ARN,85.0,ALC-5586,ARN-0174,Safe,28.629529935894706,0.9406822022382606
y1_d145_ALC_ARN,163.0,ALC-9240,ARN-0174,Safe,31.022755868184095,1.4620993417843557
y1_d145_ALC_ARN,168.0,ARN-8020,ALC-2390,Safe,24.22502820045139,0.25470625265343827
y1_d146_ADQ_ANI,14.0,ADQ-6044,ANI-5638,Safe,23.574839412231757,0.9725525323533724
y1_d148_VHA_PHD,35.0,PHD-8619,VHA-5456,"Caught (inning-ending, verify)",28.308650838675828,3.7129511157254385
y1_d148_VHA_PHD,78.0,PHD-1960,VHA-5456,Safe,29.38515690280456,3.9718488516352615
y1_d149_VNG_VAS,112.0,VNG-4196,VAS-1238,Safe,28.091492875768832,10.77957172486122
y1_d150_VNG_VAS,18.0,VNG-6954,VAS-6967,"Caught (inning-ending, verify)",27.314069888231217,8.755013959248632
y1_d150_VNG_VAS,150.0,VNG-4196,VAS-6967,"Caught (inning-ending, verify)",27.624836600666445,10.642363135884885
y1_d151_VNG_VAS,98.0,VAS-4154,VNG-5259,Safe,26.100850611676993,7.853832150883532
y1_d152_RME_ARN,35.0,ARN-6201,RME-2688,Safe,26.638811065523395,8.746262213200207
y1_d152_VAS_PHD,62.0,VAS-1487,PHD-5619,Safe,28.551426222841503,4.5236421539089555
y1_d152_VAS_PHD,297.0,PHD-9663,VAS-1238,Safe,27.82690794969018,4.360179318288566
y1_d153.5_RME_ARN,137.0,RME-4608,ARN-2183,Safe,27.460686858075768,0.728247291551682
y1_d153_RME_ARN,193.0,RME-5123,ARN-0174,Safe,25.96482003014982,2.5292615045910125
y1_d153_VAS_PHD,61.0,VAS-4675,PHD-5504,Safe,26.99439778380161,4.642885839681135
y1_d154_VAS_PHD,75.0,VAS-9164,PHD-5504,"Caught (inning-ending, verify)",28.05523452849945,4.807858697381894
y1_d155.5_XOZ_ARN,28.0,ARN-6201,XOZ-7026,"Caught (inning-ending, verify)",29.124731109886852,4.136444545780929
y1_d155_VAS_PHD,193.0,PHD-5994,VAS-1238,Safe,27.42089036115012,4.064757589445726
y1_d155_XOZ_ARN,103.0,ARN-6201,XOZ-3062,Safe,28.07163175419631,3.7060673895270284
y1_d162_KZR_VAS,59.0,KZR-1397,VAS-6967,"Caught (inning-ending, verify)",25.755000907749157,8.01876204948205
y1_d162_KZR_VAS,338.0,KZR-5661,VAS-6967,Safe,22.555636881280755,1.3471239518789346
y1_d163_FNQ_PHD,66.0,PHD-0812,FNQ-7853,Safe,28.201649083128494,9.36088741270037
y1_d163_FNQ_PHD,93.0,FNQ-3114,PHD-5504,Safe,28.55528304450141,3.721074076894947
y1_d163_SZJ_ANI,16.0,SZJ-8997,ANI-1431,Safe,25.705882744634344,0.7770105626316628
y1_d163_SZJ_ANI,414.0,ANI-2218,SZJ-5082,"Caught (inning-ending, verify)",24.37976346749122,10.095592483570941
y1_d164.5_SZJ_ANI,53.0,ANI-8572,SZJ-2292,"Caught (inning-ending, verify)",26.845458937825896,4.519669989616833
y1_d164_FNQ_PHD,17.0,FNQ-9692,PHD-5504,"Caught (inning-ending, verify)",25.53458976419944,3.314236391019378
y1_d165_SZJ_ANI,270.0,ANI-6943,SZJ-2368,Safe,26.661324145419837,1.0626439384560094
y1_d166_SZJ_ANI,183.0,ANI-3725,SZJ-5082,Safe,25.036381379398424,8.488773740776711
y1_d166_SZJ_ANI,252.0,ANI-1193,SZJ-5082,"Caught (inning-ending, verify)",28.954794294483055,1.9046435045516645
y1_d166_SZJ_ANI,329.0,ANI-1193,SZJ-5082,Safe,26.5931152502409,0.9585128295428547
y1_d166_SZJ_ANI,340.0,ANI-7878,SZJ-5082,Safe,30.424649461431446,0.8440338703113461
y1_d167_EMB_ANI,149.0,ANI-6943,EMB-9453,"Caught (inning-ending, verify)",25.83209917136832,6.181864486404116
y1_d167_EMB_ANI,293.0,ANI-3725,EMB-9453,Safe,19.121270945023323,8.224561231421092
y1_d168_MPC_PHD,58.0,PHD-9383,MPC-1978,"Caught (inning-ending, verify)",28.646042664633214,4.543396150214644
y1_d169_BTL_ARN,267.0,ARN-0168,BTL-8323,Safe,22.370725772586514,5.132958890685371
y1_d173_IGL_ANI,175.0,ANI-4963,IGL-6471,Safe,27.7899920719407,3.6369534673796338
y1_d174_MTW_VAS,70.0,VAS-4154,MTW-3235,Safe,26.680880037815882,9.362994784076465
y1_d174_MTW_VAS,247.0,MTW-7415,VAS-9559,Safe,21.822494880139278,2.1558207193200154
y1_d177_AVV_ARN,217.0,ARN-0727,AVV-3404,Safe,29.49521759024743,11.478995927827828
y1_d177_VAS_PHD,169.0,PHD-9383,VAS-3698,Safe,28.572041924289646,4.748381118727515
y1_d178_AVV_ARN,24.0,ARN-9323,AVV-5369,Safe,27.690690071525694,3.1047976196950096
y1_d178_AVV_ARN,31.0,ARN-6658,AVV-5369,Safe,23.805881802135648,3.2195614424567296
y1_d178_AVV_ARN,100.0,ARN-6658,AVV-5369,Safe,26.903472274430225,3.1268689202769835
y1_d178_AVV_ARN,176.0,ARN-8020,AVV-5369,"Caught (inning-ending, verify)",27.318537064875215,5.236636876653385
y1_d179_FET_ANI,39.0,FET-0351,ANI-1431,Safe,26.732980032350277,1.7452148096190996
y1_d179_FET_ANI,285.0,ANI-4963,FET-6273,Safe,24.387551817884237,1.039636066281723
y1_d179_YXL_PHD,12.0,YXL-4997,PHD-5504,"Caught (inning-ending, verify)",27.27705435948016,4.041261680321426
y1_d179_YXL_PHD,195.0,PHD-9663,YXL-6594,Safe,27.405810584535498,4.443986420942142
y1_d179_YXL_PHD,294.0,YXL-1301,PHD-5504,Safe,23.954336340255537,2.354096939618401
y1_d180_FET_ANI,89.0,ANI-3369,FET-4273,Safe,24.176909323976695,2.074835056378337
y1_d181_LRQ_ARN,230.0,LRQ-9850,ARN-3835,Safe,27.428653723960217,9.974872979213956
y1_d181_WIF_ANI,110.0,WIF-5117,ANI-1431,Safe,26.479564041788574,2.7446083033488655
y1_d182_LRQ_ARN,250.0,LRQ-2447,ARN-0174,Safe,22.63337757984387,1.0001609110400516
y1_d182_LRQ_ARN,307.0,ARN-9323,LRQ-7947,Safe,22.42727041533032,0.2719375477100954
y1_d182_LRQ_ARN,317.0,ARN-6201,LRQ-7947,Safe,19.269733335944466,2.8396880605808015
y1_d182_TQS_PHD,176.0,TQS-4170,PHD-5619,"Caught (inning-ending, verify)",28.527323830626997,4.5024332001273635
y1_d183_LRQ_ARN,188.0,ARN-6201,LRQ-3243,Safe,29.325085144534434,3.4531864130174235
y1_d184_WIF_ANI,166.0,WIF-1739,ANI-2268,Safe,26.192828174450668,3.204276913107453
y1_d185_RRM_VAS,98.0,RRM-7456,VAS-2605,Safe,26.518945417335054,4.042477967237158
y1_d185_RRM_VAS,112.0,VAS-7896,RRM-9655,Safe,26.07294292172157,9.649557702868256
y1_d185_RRM_VAS,161.0,VAS-0984,RRM-9655,Safe,26.092442105532236,1.3787365301082666
y1_d186_TDW_ARN,165.0,ARN-6201,TDW-9563,"Caught (inning-ending, verify)",28.814448160249317,8.412344108825872
y1_d186_TDW_ARN,208.0,TDW-7408,ARN-4713,Safe,27.11440119612421,8.832089702243769
y1_d187_RRM_VAS,6.0,RRM-1635,VAS-6967,Safe,25.624430334377358,10.860957051151068
y1_d187_TDW_ARN,49.0,ARN-9340,TDW-0409,Safe,25.308151228162306,7.419256733123847
y1_d187_TDW_ARN,154.0,TDW-7408,ARN-4713,"Caught (inning-ending, verify)",28.323994153256457,0.6449522700960841
y1_d189_PHD_ARN,139.0,ARN-9340,PHD-5504,"Caught (inning-ending, verify)",25.89029731092426,0.9199643681048286
y1_d190_PHD_ARN,17.0,PHD-5994,ARN-3835,Safe,27.629000961057788,3.580119838746935
y1_d190_PHD_ARN,160.0,PHD-1580,ARN-3835,Safe,29.220435044329903,2.985103411735384
y1_d194_FXP_ANI,41.0,ANI-7878,FXP-2328,Safe,26.766043023531925,0.7634821555987763
y1_d195_ARN_PHD,134.0,ARN-6658,PHD-1833,"Caught (inning-ending, verify)",26.86003610495553,4.4923673200168395
y1_d195_ARN_PHD,216.0,PHD-5994,ARN-9747,Safe,27.60314786260218,1.3248983604618658
y1_d196_ARN_PHD,73.0,PHD-1580,ARN-0174,Safe,27.876841553968337,4.225448252716223
y1_d196_ARN_PHD,249.0,ARN-6201,PHD-5504,Safe,25.490036090429477,1.4012031481090013
y1_d196_ARN_PHD,363.0,ARN-9073,PHD-5504,"Caught (inning-ending, verify)",26.52899109401141,3.610596116887219
y1_d196_FXP_ANI,188.0,ANI-2218,FXP-2328,Safe,26.154034261583725,9.107151091634467
y1_d196_FXP_ANI,211.0,FXP-7976,ANI-6566,"Caught (inning-ending, verify)",29.1477728800379,3.3668389492086135
y1_d197_ARN_PHD,72.0,ARN-0168,PHD-1833,Safe,29.37674070885756,3.711507933272422
y1_d197_FXP_ANI,206.0,FXP-0583,ANI-1431,Safe,24.113054287805145,2.439529979063259
y1_d198_JGO_VAS,110.0,VAS-1487,JGO-3022,Safe,28.54580964811364,10.14315969660327
y1_d199_JGO_VAS,65.0,VAS-1487,JGO-6868,Safe,29.508674514246884,11.866392260895195
y1_d201_JGO_VAS,83.0,VAS-3928,JGO-5337,"Caught (inning-ending, verify)",26.820524699169173,1.098173117302217
y1_d202_PHD_VAS,43.0,VAS-1487,PHD-1833,Safe,26.943552675520017,10.762968283500085
y1_d209_PHD_VAS,256.0,PHD-8557,VAS-6967,Safe,27.311693859200137,1.203840478525187
y1_d209_PWH_ARN,275.0,PWH-7322,ARN-9747,Safe,26.408601279330604,8.826985194839665
y1_d209_PWH_ARN,385.0,ARN-6658,PWH-4250,Safe,19.778743783717477,0.6476472051161721
y1_d209_QHX_ANI,399.0,ANI-1431,QHX-1235,Safe,24.09573142062999,10.358870417401501
y1_d211_PHD_VAS,2.0,PHD-8557,VAS-2605,Safe,27.03593885256254,1.3583823485931887
y1_d211_PWH_ARN,201.0,PWH-0771,ARN-0174,Safe,30.583416107099954,3.984839535344465
y1_d211_PWH_ARN,255.0,ARN-6658,PWH-3779,Safe,27.60437753117356,2.950136807963375
y1_d211_QHX_ANI,267.0,ANI-4963,QHX-7252,Safe,26.803307330585774,0.6960003640490413
y1_d212_PWH_ARN,51.0,ARN-6658,PWH-0131,Safe,27.33134915096693,2.7196255569806382
y1_d212_PWH_ARN,75.0,PWH-0131,ARN-0174,Safe,28.013649599171618,2.6269131678739512
y1_d212_QHX_ANI,189.0,ANI-2218,QHX-1235,"Caught (inning-ending, verify)",26.439775716814083,3.5701074783710176
y1_d213_HNO_ARN,246.0,HNO-6636,ARN-9747,Safe,25.85678301757356,2.88612234502547
y1_d217_VAS_ARN,34.0,VAS-3928,ARN-0174,Safe,26.31398150653137,2.3527480381307875
