game_string,play_per_game,inning,half_inning,at_bat,runner,batter,pitcher,catcher,outcome,contested,runner_on_3b_flag,lead_dist_at_pitch,break_time,min_dist_to_2b,max_speed_to_2b,catcher_throw,event_codes
y1_d066_VAS_PHD,18.0,1,Bottom,5.0,PHD-5994,PHD-1790,VAS-2232,VAS-5761,Safe,True,False,20.53727139023896,-0.198,0.9672792938310768,28.33631161934416,True,"1,2,3,16,2,5"
y1_d067.5_NLG_ANI,134.0,4,Bottom,33.0,ANI-7878,ANI-5638,NLG-7756,NLG-2932,Safe,False,False,27.79501627325206,-0.05,0.47904152768260533,21.556237875811064,True,"1,2,3,2,5"
y1_d073_XPO_PHD,56.0,2,Bottom,14.0,PHD-5994,PHD-0571,XPO-0638,XPO-7814,"Out (inning-ending, verify)",True,False,22.482703923080354,-0.45,1.7721884230117126,27.612205102760612,True,"1,2,3,2,5"
y1_d073_XPO_PHD,370.0,11,Top,92.0,XPO-3462,XPO-3002,PHD-6966,PHD-0571,Safe,True,True,22.760833585914387,-0.35,1.6243502185029972,28.638177916783505,True,"1,2,3,2,5"
y1_d074_XPO_PHD,121.0,4,Top,31.0,XPO-9759,XPO-8880,PHD-1387,PHD-5504,Safe,False,False,23.546980451424126,-0.05,0.33034107113533895,26.96099655090194,True,"1,2,3,16,16,16,2,3,16,2,5"
y1_d074_XPO_PHD,245.0,7,Bottom,56.0,PHD-5994,PHD-0812,XPO-6441,XPO-3859,Safe,False,False,22.51240938143424,-0.05,0.9837650088540569,27.067685421110212,True,"1,2,3,16,9,16,16,16,2,5"
y1_d075_XPO_PHD,149.0,5,Top,39.0,XPO-9254,XPO-3023,PHD-5317,PHD-1790,"Out (inning-ending, verify)",True,False,23.59142100218096,-0.429,1.576193280398044,28.369769385947027,True,"1,2,3,2,5"
y1_d077.5_PHD_VAS,174.0,5,Top,34.0,PHD-8619,PHD-7743,VAS-6190,VAS-9559,"Out (inning-ending, verify)",True,False,20.142486093114744,-0.3,1.219972075881143,27.02193275639985,True,"1,2,3,2,5"
y1_d080_JJP_PHD,34.0,1,Bottom,8.0,PHD-8619,PHD-6069,JJP-2885,JJP-3553,Safe,False,False,20.545377690624335,-0.15,0.23133681706200723,27.7602955899836,True,"1,2,3,16,9,16,16,2,5"
y1_d081_JJP_PHD,79.0,3,Bottom,24.0,PHD-5994,PHD-7743,JJP-6015,JJP-0657,Safe,True,False,27.933008187403814,-0.45,0.20410022235405248,27.07268073055097,True,"1,2,3,9,16,2,5"
y1_d082_JJP_PHD,222.0,7,Top,57.0,JJP-9950,JJP-6839,PHD-7088,PHD-0571,Safe,False,False,21.961307882806494,-0.198,0.9005775943028965,30.203795586857954,True,"1,2,3,16,16,16,2,5"
y1_d083_RYU_PHD,123.0,4,Top,38.0,RYU-4519,RYU-1236,PHD-8570,PHD-1790,Safe,False,False,24.33103555879188,-0.8,0.21403331509054668,28.55547156248324,True,"1,2,3,16,16,2,5"
y1_d083_RYU_PHD,209.0,6,Bottom,57.0,PHD-4573,PHD-8619,RYU-9976,RYU-6946,Safe,True,False,23.705414218139868,-0.4,2.3980649736279,46.367985318827785,True,"1,2,3,2,5"
y1_d086_OSW_VAS,132.0,4,Bottom,36.0,VAS-0984,VAS-4675,OSW-5861,OSW-5572,"Out (inning-ending, verify)",True,False,15.425035944877989,0.3,0.8535556569109454,25.804211012721154,True,"1,2,3,2,5"
y1_d093_PHD_VAS,104.0,3,Bottom,26.0,VAS-5976,VAS-6769,PHD-0349,PHD-0571,"Out (inning-ending, verify)",True,False,22.342250625296714,-0.33,3.739408296537636,26.4925558391802,True,"1,2,3,2,5"
y1_d094_WLI_ARN,268.0,9,Bottom,65.0,ARN-9073,ARN-1503,WLI-6975,WLI-9342,"Out (inning-ending, verify)",True,False,22.76658211320823,-0.7,0.5285538940796616,27.095723932290454,True,"1,2,3,2,5"
y1_d095_NFP_PHD,77.0,2,Top,14.0,NFP-4990,NFP-7902,PHD-6193,PHD-5504,Safe,False,False,21.31113191623667,-0.3,0.09401555345808808,28.366349388884622,True,"1,2,3,16,16,2,5"
y1_d096_NFP_PHD,239.0,7,Top,63.0,NFP-4990,NFP-9479,PHD-8760,PHD-0571,Safe,True,False,20.465033682371228,-0.198,1.0061680688986248,27.760667858697662,True,"1,2,3,2,5"
y1_d096_WLI_ARN,42.0,2,Top,10.0,WLI-9115,WLI-2257,ARN-2230,ARN-2183,Safe,False,True,22.233970231130254,-0.3,2.261977216898021,25.71211792796987,False,"1,2,5"
y1_d097_NYN_ARN,197.0,5,Top,49.0,NYN-2285,NYN-5287,ARN-4509,ARN-9747,"Out (inning-ending, verify)",True,False,22.631097306370215,-0.55,2.182547926923659,27.2813511020604,True,"1,2,3,16,2,5"
y1_d099_CYU_PHD,16.0,1,Top,4.0,CYU-2276,CYU-5782,PHD-5815,PHD-5504,"Out (inning-ending, verify)",True,False,22.926842411505422,-0.396,1.0246829889855233,25.963258949936225,True,"1,2,3,2,5"
y1_d103_WTH_VAS,14.0,1,Top,4.0,WTH-4286,WTH-0428,VAS-7785,VAS-9559,"Out (inning-ending, verify)",True,False,21.448170861672764,-0.6,2.3612280169017574,29.734147878725068,True,"1,2,3,2,5"
y1_d104.5_FSD_ARN,97.0,3,Bottom,24.0,ARN-6658,ARN-9340,FSD-7189,FSD-3995,"Out (inning-ending, verify)",True,False,20.007428315466125,-0.45,0.7844600890483546,26.753524778099447,True,"1,2,3,2,5"
y1_d105.5_OER_ANI,166.0,6,Top,46.0,OER-0542,OER-1243,ANI-1262,ANI-1165,Safe,True,True,23.787364876080872,-0.05,0.7216351787857626,27.043187387133898,True,"1,2,3,2,5"
y1_d106_MSN_VAS,278.0,8,Bottom,68.0,VAS-5976,VAS-6769,MSN-1491,MSN-5457,"Out (inning-ending, verify)",True,False,23.494710042738767,-0.65,2.819889451345348,27.34839807996181,True,"1,2,3,2,5"
y1_d111_XGM_PHD,155.0,5,Top,44.0,XGM-5318,XGM-9231,PHD-1993,PHD-5504,Safe,True,False,28.44791446654157,-0.55,0.6173554079996777,29.463877592589114,True,"1,2,3,2,5"
y1_d112_JPB_ANI,223.0,9,Top,64.0,JPB-3951,JPB-9339,ANI-7563,ANI-7970,Safe,True,False,23.72747984276665,0.0,0.3799307761624968,27.289880195075185,True,"1,2,3,2,5"
y1_d112_JPB_ANI,251.0,9,Bottom,72.0,ANI-2596,ANI-8572,JPB-1363,JPB-2861,Safe,False,False,33.201088480808046,-0.55,12.51044682171869,20.890891742213853,False,"1,2,5"
y1_d112_XGM_PHD,353.0,10,Bottom,89.0,PHD-1580,PHD-0812,XGM-7046,XGM-6738,Safe,False,True,29.385553184213663,-0.65,1.41389580208551,35.1541521506099,False,"1,2,5"
y1_d113_JPB_ANI,208.0,6,Top,53.0,JPB-0696,JPB-9348,ANI-2218,ANI-6566,Safe,False,True,24.174195352058444,-0.363,2.433909637645657,31.072199657550332,False,"1,2,5"
y1_d113_JPB_ANI,290.0,8,Top,75.0,JPB-3951,JPB-9339,ANI-5245,ANI-6566,Safe,False,False,30.247571985844903,-0.792,4.009479072428867,28.230783216543685,False,"1,2,5"
y1_d114_XGM_PHD,148.0,5,Top,39.0,XGM-8468,XGM-5318,PHD-0349,PHD-5504,Safe,True,False,21.06634368687416,-0.35,0.5638663616120819,30.328393737328057,True,"1,2,3,16,9,2,5"
y1_d114_XGM_PHD,359.0,9,Top,89.0,XGM-7146,XGM-5318,PHD-1350,PHD-5504,Safe,True,False,21.046042177683912,-0.05,0.6716125459109293,30.111914945018263,True,"1,2,3,9,16,16,2,5"
y1_d115_JPB_ANI,6.0,1,Top,2.0,JPB-2826,JPB-3782,ANI-9790,ANI-7970,Safe,True,False,23.242701842612878,-0.462,2.5645453139880825,28.620625092307485,True,"1,2,3,2,5"
y1_d116_KTT_ARN,101.0,3,Bottom,25.0,ARN-6658,ARN-3965,KTT-3588,KTT-9859,"Out (inning-ending, verify)",True,False,15.061070053371735,0.45,2.5150484684608863,26.806989738257343,True,"1,2,3,2,5"
y1_d118_MKS_ARN,30.0,1,Bottom,8.0,ARN-3965,ARN-9747,MKS-2544,MKS-3614,Safe,True,True,24.79927747665894,-0.55,0.6311037183967814,27.57956130954959,True,"1,2,3,2,5"
y1_d118_MKS_ARN,63.0,2,Bottom,18.0,ARN-8132,ARN-8108,MKS-2544,MKS-3614,"Out (inning-ending, verify)",True,False,21.07548641970495,-0.45,3.2492752630960253,28.27070273726516,True,"1,2,3,2,5"
y1_d122_MSE_ANI,113.0,3,Top,26.0,MSE-2365,MSE-3642,ANI-1262,ANI-6566,Safe,True,False,22.732329872964463,0.0,0.49301607115871693,28.708076159412386,True,"1,2,3,2,5"
y1_d123_MSE_ANI,132.0,4,Bottom,30.0,ANI-3369,ANI-3725,MSE-2687,MSE-3452,Safe,False,False,31.92308047946142,-0.4,1.8154075125812892,22.584994361163666,False,"1,2,5"
y1_d124_VAS_PHD,69.0,3,Bottom,20.0,PHD-0812,PHD-8619,VAS-3357,VAS-9559,Safe,True,False,24.64629140736255,-0.4,1.1694126896024686,28.770253088554085,True,"1,2,3,2,5"
y1_d124_VAS_PHD,193.0,6,Bottom,49.0,PHD-0812,PHD-7743,VAS-0317,VAS-9559,Safe,True,False,23.188485764128508,-0.1,1.1694126896024686,31.478665028079558,True,"1,2,3,2,5"
y1_d125_MEX_ANI,148.0,4,Top,32.0,MEX-6247,MEX-9074,ANI-7563,ANI-6566,Safe,True,False,27.423018339778103,-0.85,1.1484951727780046,30.38241381674517,True,"1,2,3,2,5"
y1_d125_NWM_ARN,249.0,8,Bottom,56.0,ARN-0168,ARN-3965,NWM-6985,NWM-1152,"Out (inning-ending, verify)",True,False,21.503112340625197,-0.6,1.3749823601404358,29.534127406544215,True,"1,2,3,16,2,5"
y1_d126_MEX_ANI,70.0,2,Bottom,15.0,ANI-3725,ANI-2218,MEX-9601,MEX-8169,"Out (inning-ending, verify)",True,False,19.639187878560598,-0.35,0.6755500877622012,25.0195181008241,True,"1,2,3,2,5"
y1_d127_MEX_ANI,163.0,4,Top,38.0,MEX-0209,MEX-6247,ANI-9650,ANI-7970,"Out (inning-ending, verify)",True,False,20.86362826949479,-0.198,2.524480935079285,26.792625637683766,True,"1,2,3,2,5"
y1_d127_MEX_ANI,185.0,5,Top,44.0,MEX-9074,MEX-3610,ANI-9650,ANI-7970,Safe,True,False,20.907601706503414,-0.264,2.099366315077866,30.684354743869847,True,"1,2,3,16,2,5"
y1_d127_NWM_ARN,45.0,2,Top,9.0,NWM-9191,NWM-1152,ARN-6657,ARN-0174,Safe,True,False,24.501331395432267,-0.429,1.517890064975392,29.75228558016445,True,"1,2,3,9,2,5"
y1_d128_MEX_ANI,177.0,5,Bottom,46.0,ANI-2830,ANI-9983,MEX-0789,MEX-8169,Safe,True,False,21.320983281251493,-0.5,3.4012952122616533,30.656020197719585,True,"1,2,3,2,5"
y1_d131_WDF_VAS,302.0,9,Top,72.0,WDF-6092,WDF-7051,VAS-0457,VAS-9559,Safe,False,False,36.81686661208337,-0.95,0.839889306906317,28.403874932203088,True,"1,2,3,2,5"
y1_d133_ARN_VAS,25.0,1,Bottom,7.0,VAS-7569,VAS-4154,ARN-6657,ARN-0174,Safe,True,False,24.257019787902937,0.0,2.332066010232261,26.334362636673063,True,"1,2,3,2,5"
y1_d134_ARN_VAS,81.0,3,Top,22.0,ARN-6201,ARN-9340,VAS-3729,VAS-9559,Safe,True,False,19.26421727740008,-0.25,4.361170786975244,29.134053377730957,True,"1,2,3,16,2,5"
y1_d136_HYG_PHD,68.0,2,Bottom,16.0,PHD-8619,PHD-9663,HYG-7286,HYG-7601,Safe,False,False,23.420651250815204,-0.35,3.841258941061703,28.91607331016182,True,"1,2,3,16,16,5"
y1_d137_EXB_ARN,104.0,4,Top,30.0,EXB-2802,EXB-4397,ARN-7882,ARN-9747,Safe,True,False,21.722507976122177,-0.3,2.0145941566817376,30.712557054790786,True,"1,2,3,16,2,5"
y1_d137_EXB_ARN,152.0,6,Top,43.0,EXB-6199,EXB-6045,ARN-7882,ARN-9747,Safe,True,False,18.763997250636645,-0.15,1.6995230461870836,25.96402527890085,True,"1,2,3,9,16,2,5"
y1_d137_EXB_ARN,211.0,8,Top,58.0,EXB-6199,EXB-6045,ARN-2941,ARN-9747,Safe,True,False,31.11530290841033,-1.15,2.4550123166184523,27.14612246495065,True,"1,2,3,2,5"
y1_d137_EXB_ARN,265.0,9,Bottom,77.0,ARN-8132,ARN-8108,EXB-7646,EXB-6045,Safe,False,True,31.4985096848615,-0.85,0.1836827631186641,23.99326773990225,True,"1,2,3,2,5"
y1_d137_HYG_PHD,86.0,3,Top,23.0,HYG-6702,HYG-9656,PHD-3253,PHD-5504,Safe,False,False,28.960177062957104,-0.6,0.6708608634952176,26.882390596046406,False,"1,2,5"
y1_d137_HYG_PHD,274.0,8,Top,74.0,HYG-6242,HYG-2242,PHD-0929,PHD-5504,"Out (inning-ending, verify)",True,False,21.340533756614686,-0.2,1.1986220973780426,27.1315118494946,True,"1,2,3,2,5"
y1_d137_HYG_PHD,329.0,9,Bottom,89.0,PHD-7166,PHD-5619,HYG-2412,HYG-7601,Safe,False,False,31.28394678442491,-0.3,2.11414224865183,21.779049352714424,False,"1,2,5"
y1_d138_EXB_ARN,17.0,1,Top,4.0,EXB-8390,EXB-0773,ARN-1194,ARN-0174,"Out (inning-ending, verify)",True,True,16.37748127209453,-0.05,17.75191530801848,25.200957977391596,True,"1,2,3,2,5"
y1_d138_HYG_PHD,11.0,1,Top,3.0,HYG-0835,HYG-6242,PHD-1387,PHD-5619,Safe,True,False,25.075901784117892,-0.363,0.8075147272167827,27.826642805126184,True,"1,2,3,16,9,16,16,16,9,2,3,2,5"
y1_d138_HYG_PHD,168.0,5,Top,40.0,HYG-0835,HYG-2242,PHD-1993,PHD-5619,Safe,True,False,26.265050984496742,-0.396,1.0960112814859813,26.819028837056674,True,"1,2,3,2,5"
y1_d138_QBR_ANI,178.0,4,Bottom,47.0,ANI-2218,ANI-6943,QBR-6334,QBR-3535,"Out (inning-ending, verify)",True,False,24.788322974168008,-0.1,0.9194593726332768,36.87076217086877,True,"1,2,3,2,5"
y1_d139_QBR_ANI,6.0,1,Top,2.0,QBR-2493,QBR-7562,ANI-4861,ANI-5638,Safe,True,False,23.93132391386025,-0.75,0.18886784212853225,27.879583218614812,True,"1,2,3,9,16,16,16,16,2,3,2,5"
y1_d139_QBR_ANI,14.0,1,Top,3.0,QBR-7562,QBR-8049,ANI-4861,ANI-5638,Safe,False,False,27.085582680170905,-0.9,1.964298905815452,29.988892607369486,False,"1,2,5"
y1_d139_QBR_ANI,57.0,2,Top,14.0,QBR-2493,QBR-7562,ANI-4861,ANI-5638,Safe,True,False,25.553665181011972,-0.8,0.43641451805986436,28.645837865448414,True,"1,2,3,2,5"
y1_d140_VAS_ARN,284.0,9,Top,71.0,VAS-7028,VAS-5184,ARN-2941,ARN-9747,Safe,True,False,26.47849722629369,-0.8,1.4552836804972455,29.132951831050615,True,"1,2,3,16,2,5"
y1_d141_QBR_ANI,58.0,2,Bottom,14.0,ANI-2596,ANI-2218,QBR-5957,QBR-6071,Safe,True,False,22.41380214535191,-0.363,1.470722045888075,26.610176932612845,True,"1,2,3,2,5"
y1_d144_ALC_ARN,10.0,1,Top,2.0,ALC-5586,ALC-8194,ARN-1194,ARN-0174,Safe,True,False,24.041780674514523,-0.45,0.8367076322434591,27.81185327803172,True,"1,2,3,9,16,2,5"
y1_d144_BKO_VAS,49.0,2,Bottom,19.0,VAS-5184,VAS-3458,BKO-6588,BKO-6847,"Out (inning-ending, verify)",True,False,20.132400710557093,-0.5,0.43470752044837535,27.337365914161325,True,"1,2,3,2,5"
y1_d145_ADQ_ANI,259.0,6,Bottom,59.0,ANI-7878,ANI-2596,ADQ-3222,ADQ-7869,Safe,False,True,27.277837336505325,-0.45,0.7785458880639039,27.527392485303395,False,"1,2,5"
y1_d145_ADQ_ANI,368.0,9,Top,84.0,ADQ-3824,ADQ-0553,ANI-5865,ANI-6566,Safe,True,False,25.93344968428238,-0.6,1.0060909037515338,26.390721480170427,True,"1,2,3,2,5"
y1_d145_ALC_ARN,30.0,1,Bottom,7.0,ARN-6201,ARN-9340,ALC-4842,ALC-2390,Safe,False,False,38.937898165470436,-1.2,0.34977712003812433,25.183196915401425,True,"1,2,3,2,5"
y1_d145_ALC_ARN,85.0,3,Top,24.0,ALC-5586,ALC-8194,ARN-5136,ARN-0174,Safe,True,False,25.56900629844402,-0.7,0.0396882770962717,28.89131004515484,True,"1,2,3,2,5"
y1_d145_ALC_ARN,163.0,6,Top,49.0,ALC-9240,ALC-6913,ARN-4047,ARN-0174,Out,True,False,23.61231239186381,-0.15,4.907229129946553,32.22479789787741,True,"1,2,3,2,5,1,2,5"
y1_d145_ALC_ARN,168.0,7,Bottom,53.0,ARN-8020,ARN-0174,ALC-4842,ALC-2390,Safe,False,False,35.15735461146543,-0.95,0.2448097985126591,40.91959095268116,True,"1,2,3,2,5"
y1_d146_ADQ_ANI,14.0,1,Top,3.0,ADQ-6044,ADQ-9509,ANI-9487,ANI-5638,Safe,False,False,29.360704024368225,-0.85,2.5986328465217747,24.140229596115645,True,"1,2,3,2,5"
y1_d148_VHA_PHD,35.0,1,Bottom,8.0,PHD-8619,PHD-5504,VHA-6132,VHA-5456,"Out (inning-ending, verify)",True,False,22.97198888386292,-0.363,1.6982251544529376,28.586078489963047,True,"1,2,3,2,5"
y1_d148_VHA_PHD,78.0,3,Bottom,21.0,PHD-1960,PHD-0812,VHA-6132,VHA-5456,Safe,True,False,24.867268417018863,-0.396,0.4797885771166615,31.85743707395401,True,"1,2,3,2,5"
y1_d149_VNG_VAS,112.0,4,Top,29.0,VNG-4196,VNG-6954,VAS-3082,VAS-1238,Safe,True,False,22.697124413392803,-0.6,3.258611715565536,28.212082304917345,True,"1,2,3,2,5"
y1_d150_VNG_VAS,18.0,1,Top,3.0,VNG-6954,VNG-6437,VAS-5796,VAS-6967,"Out (inning-ending, verify)",True,False,19.045969462207662,-0.5,1.072284869633328,27.37688700117225,True,"1,2,3,2,5"
y1_d150_VNG_VAS,150.0,5,Top,38.0,VNG-4196,VNG-6954,VAS-1111,VAS-6967,"Out (inning-ending, verify)",True,False,21.72352871621436,-0.5,2.9027587957411543,27.965512053162627,True,"1,2,3,2,5"
y1_d151_VNG_VAS,98.0,3,Bottom,24.0,VAS-4154,VAS-1773,VNG-9744,VNG-5259,Safe,True,False,21.49512549044897,-0.35,3.541813969530383,26.32763173554963,True,"1,2,3,16,2,5"
y1_d152_RME_ARN,35.0,1,Bottom,10.0,ARN-6201,ARN-9323,RME-5560,RME-2688,Safe,False,False,21.38867145820319,-0.35,0.6824704671171274,27.24165709583545,False,"1,9,2,5"
y1_d152_VAS_PHD,62.0,2,Top,14.0,VAS-1487,VAS-4675,PHD-4341,PHD-5619,Safe,True,False,23.412975973959426,-0.35,2.498286497017099,29.520221520455436,True,"1,2,3,2,5"
y1_d152_VAS_PHD,297.0,8,Bottom,72.0,PHD-9663,PHD-1580,VAS-3357,VAS-1238,Safe,True,False,23.673976519962626,-0.4,0.5098998467350726,28.34384908198018,True,"1,2,3,2,5"
y1_d153.5_RME_ARN,137.0,5,Top,36.0,RME-4608,RME-1911,ARN-7882,ARN-2183,Safe,True,False,27.13650067292072,-0.65,1.7014252990307168,27.655783897704964,True,"1,2,3,2,5"
y1_d153_RME_ARN,193.0,7,Top,58.0,RME-5123,RME-3605,ARN-7522,ARN-0174,Safe,False,False,23.818623326572283,-0.4,0.20407226423511218,26.598450897701937,False,"1,9,2,5"
y1_d153_VAS_PHD,61.0,2,Top,14.0,VAS-4675,VAS-1773,PHD-0349,PHD-5504,Safe,False,False,22.160572085089267,-0.3,0.8633668499103521,27.43848019036406,False,"1,2,5"
y1_d154_VAS_PHD,75.0,3,Top,17.0,VAS-9164,VAS-3928,PHD-3253,PHD-5504,"Out (inning-ending, verify)",True,False,20.11846649655219,-0.2,1.4104950767977011,28.44827152516011,True,"1,2,3,2,5"
y1_d155.5_XOZ_ARN,28.0,1,Bottom,9.0,ARN-6201,ARN-9747,XOZ-1460,XOZ-7026,"Out (inning-ending, verify)",True,False,21.253520649258952,-0.297,2.18237484239655,30.37826559340804,True,"1,2,3,2,5"
y1_d155_VAS_PHD,193.0,7,Bottom,48.0,PHD-5994,PHD-5619,VAS-3729,VAS-1238,Safe,True,False,21.596438659159983,-0.297,0.1038319997845178,28.170185006022738,True,"1,2,3,2,5"
y1_d155_XOZ_ARN,103.0,3,Bottom,26.0,ARN-6201,ARN-9340,XOZ-2610,XOZ-3062,Safe,True,False,23.508075074769003,-0.396,2.007411894931069,28.497641758338577,True,"1,2,3,2,5"
y1_d162_KZR_VAS,59.0,2,Top,16.0,KZR-1397,KZR-5661,VAS-3150,VAS-6967,"Out (inning-ending, verify)",True,False,20.766687464290644,-0.55,3.3992527362453577,26.235958058801288,True,"1,2,3,2,5"
y1_d162_KZR_VAS,338.0,9,Top,80.0,KZR-5661,KZR-3752,VAS-7895,VAS-6967,Safe,False,True,28.16174543008975,-0.05,0.18302531694024646,23.058831500695476,True,"1,2,3,2,5"
y1_d163_FNQ_PHD,66.0,2,Bottom,17.0,PHD-0812,PHD-1137,FNQ-2701,FNQ-7853,Safe,True,False,18.498507830396896,-0.4,1.9560341621982242,28.279588516700898,True,"1,2,3,2,5"
y1_d163_FNQ_PHD,93.0,3,Top,24.0,FNQ-3114,FNQ-9692,PHD-0349,PHD-5504,Safe,True,True,24.173485081002067,-0.4,0.8635436954613679,28.954776778266833,True,"1,2,3,16,2,5"
y1_d163_SZJ_ANI,16.0,1,Top,4.0,SZJ-8997,SZJ-9457,ANI-1492,ANI-1431,Safe,False,True,22.88561644820418,-0.65,1.285444005540174,26.07860718670068,False,"1,2,5"
y1_d164.5_SZJ_ANI,53.0,1,Bottom,12.0,ANI-8572,ANI-6566,SZJ-3691,SZJ-2292,Out,True,False,19.54672190086436,-0.25,0.8169333572358853,27.17609549296249,True,"1,2,3,2,5"
y1_d164_FNQ_PHD,17.0,1,Top,4.0,FNQ-9692,FNQ-7853,PHD-2566,PHD-5504,"Out (inning-ending, verify)",True,False,22.728602076688126,-0.7,1.7671039040434187,25.643638507960276,True,"1,2,3,2,5"
y1_d165_SZJ_ANI,270.0,8,Bottom,69.0,ANI-6943,ANI-1431,SZJ-4943,SZJ-2368,Safe,True,False,22.897224587225868,-0.75,0.9740360451777598,26.77216148771624,True,"1,2,3,2,5"
y1_d166_SZJ_ANI,183.0,5,Bottom,44.0,ANI-3725,ANI-9983,SZJ-4873,SZJ-5082,Safe,True,True,20.220775879828043,-0.45,1.6487937919541114,25.20166968449729,True,"1,2,3,2,5"
y1_d166_SZJ_ANI,252.0,6,Bottom,58.0,ANI-1193,ANI-3725,SZJ-2709,SZJ-5082,"Out (inning-ending, verify)",True,False,22.662881403388397,-0.3,0.6694769363554204,29.335432910183563,True,"1,2,3,2,5"
y1_d166_SZJ_ANI,329.0,8,Bottom,74.0,ANI-1193,ANI-7878,SZJ-8085,SZJ-5082,Safe,True,False,21.566689551255276,-0.05,1.278842190073199,26.953560593492796,True,"1,2,3,9,16,16,16,16,2,3,2,5"
y1_d166_SZJ_ANI,340.0,8,Bottom,77.0,ANI-7878,ANI-2218,SZJ-8085,SZJ-5082,Safe,True,True,22.233647910154094,-0.05,0.3451116439304719,31.185380477877622,True,"1,2,3,2,5"
y1_d167_EMB_ANI,149.0,4,Bottom,37.0,ANI-6943,ANI-2830,EMB-6926,EMB-9453,"Out (inning-ending, verify)",True,False,20.220720794752484,-0.6,1.2291339175729217,26.168982086024997,True,"1,2,3,2,5"
y1_d167_EMB_ANI,293.0,9,Bottom,75.0,ANI-3725,ANI-2830,EMB-6447,EMB-9453,Safe,False,False,28.323300608526797,0.1,0.7359026869874515,19.1897533598636,False,"1,2,5"
y1_d168_MPC_PHD,58.0,2,Bottom,15.0,PHD-9383,PHD-9663,MPC-5301,MPC-1978,"Out (inning-ending, verify)",True,False,22.131319780620586,-0.3,1.6534024158662532,29.1816072421301,True,"1,2,3,2,5"
y1_d169_BTL_ARN,267.0,9,Bottom,74.0,ARN-0168,ARN-8108,BTL-6953,BTL-8323,Safe,False,False,34.68425541065188,-0.132,0.37911623318120763,23.072448242726985,True,"1,2,3,2,5"
y1_d173_IGL_ANI,175.0,5,Bottom,47.0,ANI-4963,ANI-2268,IGL-5857,IGL-6471,Safe,True,False,24.405848069791666,-0.65,0.7332484631847896,28.49764042465914,True,"1,2,3,16,16,16,16,16,2,3,2,5"
y1_d174_MTW_VAS,70.0,2,Bottom,19.0,VAS-4154,VAS-5700,MTW-6836,MTW-3235,Safe,True,False,22.207648194430547,-0.6,1.6973702277499332,26.942088606395416,True,"1,2,3,16,16,16,16,2,3,2,5"
y1_d174_MTW_VAS,247.0,8,Top,68.0,MTW-7415,MTW-1005,VAS-9534,VAS-9559,Safe,False,False,36.93675574925866,-0.65,1.028664545019251,22.183390469421056,True,"1,2,3,2,5"
y1_d177_AVV_ARN,217.0,7,Bottom,58.0,ARN-0727,ARN-8108,AVV-3007,AVV-3404,Safe,True,False,20.407254354183276,-0.5,0.5566527209911512,29.88809386464176,True,"1,2,3,16,9,2,5"
y1_d177_VAS_PHD,169.0,5,Bottom,37.0,PHD-9383,PHD-7743,VAS-3357,VAS-3698,Safe,True,False,22.371853352157608,-0.3,1.5332791770853786,28.887212901727537,True,"1,2,3,16,2,5"
y1_d178_AVV_ARN,24.0,1,Bottom,7.0,ARN-9323,ARN-6658,AVV-4813,AVV-5369,Safe,True,False,23.056497989600437,-0.429,1.864883315558558,29.050640510155095,True,"1,2,3,16,9,2,5"
y1_d178_AVV_ARN,31.0,1,Bottom,8.0,ARN-6658,ARN-2168,AVV-4813,AVV-5369,Safe,False,True,22.169623221847555,-0.396,2.6103586021934637,24.901926912510437,True,"1,2,3,16,16,16,16,2,5"
y1_d178_AVV_ARN,100.0,3,Bottom,24.0,ARN-6658,ARN-2168,AVV-4813,AVV-5369,Safe,True,False,24.274314049542447,-0.462,0.94391208059328,27.10149488144867,True,"1,2,3,2,5"
y1_d178_AVV_ARN,176.0,5,Bottom,43.0,ARN-8020,ARN-8132,AVV-4833,AVV-5369,"Out (inning-ending, verify)",True,False,22.454775757269594,-0.396,1.1165882140414243,27.482151126803547,True,"1,2,3,2,5"
y1_d179_FET_ANI,39.0,2,Top,10.0,FET-0351,FET-0134,ANI-7936,ANI-1431,Safe,True,False,24.831684679619993,-0.25,0.9622579178751183,27.05544993632877,True,"1,2,3,16,16,16,16,2,3,2,5"
y1_d179_FET_ANI,285.0,8,Bottom,73.0,ANI-4963,ANI-1431,FET-4179,FET-6273,Safe,False,True,23.17561996437591,-0.1,1.119818808450482,24.868200475403626,False,"1,2,5"
y1_d179_YXL_PHD,12.0,1,Top,3.0,YXL-4997,YXL-1173,PHD-1387,PHD-5504,"Out (inning-ending, verify)",True,False,22.845621406895514,-0.35,2.0098663258561253,27.72609069766805,True,"1,2,3,16,2,5"
y1_d179_YXL_PHD,195.0,6,Bottom,48.0,PHD-9663,PHD-9383,YXL-3167,YXL-6594,Safe,True,False,22.782501781313645,-0.35,0.3709231342095994,27.63372508828681,True,"1,2,3,2,5"
y1_d179_YXL_PHD,294.0,9,Top,69.0,YXL-1301,YXL-1727,PHD-0342,PHD-5504,Safe,False,True,25.616898452940106,-0.8,0.3711146718325964,38.20033437656882,False,"1,2,5"
y1_d180_FET_ANI,89.0,2,Bottom,22.0,ANI-3369,ANI-9983,FET-3796,FET-4273,Safe,False,False,32.532958786743535,-1.25,0.38401845655813543,24.316592203550016,False,"1,2,5"
y1_d181_LRQ_ARN,230.0,6,Top,51.0,LRQ-9850,LRQ-3201,ARN-4047,ARN-3835,Safe,True,False,22.466574308685324,-0.6,1.032224812080711,29.093960094608846,True,"1,2,3,9,16,16,16,16,16,2,5"
y1_d181_WIF_ANI,110.0,4,Top,31.0,WIF-5117,WIF-1425,ANI-0690,ANI-1431,Safe,False,True,20.156408002438184,-0.35,3.5884982601713693,26.704721102639013,False,"1,9,16,5"
y1_d182_LRQ_ARN,250.0,8,Top,68.0,LRQ-2447,LRQ-3243,ARN-1254,ARN-0174,Safe,False,True,39.14807206046116,-1.05,0.24058916384526802,22.994649516362884,False,"1,2,5"
y1_d182_LRQ_ARN,307.0,9,Bottom,81.0,ARN-9323,ARN-6201,LRQ-4244,LRQ-7947,Safe,False,True,32.50251331525671,-0.7,0.1978129364037657,22.615089463332083,False,"1,2,5"
y1_d182_LRQ_ARN,317.0,9,Bottom,83.0,ARN-6201,ARN-8132,LRQ-8905,LRQ-7947,Safe,False,False,37.721931269565246,-0.3,0.4204587797183589,19.622996774066337,False,"1,2,5"
y1_d182_TQS_PHD,176.0,5,Top,43.0,TQS-4170,TQS-0981,PHD-0342,PHD-5619,"Out (inning-ending, verify)",True,False,22.34535979600781,-0.25,1.0371506572367202,28.81585041948636,True,"1,2,3,2,5"
y1_d183_LRQ_ARN,188.0,5,Bottom,46.0,ARN-6201,ARN-0174,LRQ-9990,LRQ-3243,Safe,False,True,25.994552289830285,-0.561,1.2551052944850598,30.90749464303316,False,"1,2,5"
y1_d184_WIF_ANI,166.0,5,Top,39.0,WIF-1739,WIF-2641,ANI-7936,ANI-2268,Safe,True,False,25.009469785608218,-0.55,0.8137307746923106,26.550846303439037,True,"1,2,3,16,9,16,2,5"
y1_d185_RRM_VAS,98.0,3,Top,25.0,RRM-7456,RRM-3826,VAS-3150,VAS-2605,Safe,True,False,23.206281164554184,-0.5,2.056817379189886,26.562946060826036,True,"1,2,3,2,5"
y1_d185_RRM_VAS,112.0,3,Bottom,29.0,VAS-7896,VAS-0984,RRM-7388,RRM-9655,Safe,True,False,24.973372063525126,-0.55,3.1063042436721755,26.236180094784913,True,"1,2,3,16,16,16,16,2,3,2,5"
y1_d185_RRM_VAS,161.0,5,Bottom,46.0,VAS-0984,VAS-2605,RRM-7388,RRM-9655,Safe,False,False,28.688625059937056,-0.95,3.1864201422269685,26.13286305415432,False,"1,2,5"
y1_d186_TDW_ARN,165.0,5,Bottom,44.0,ARN-6201,ARN-9340,TDW-4248,TDW-9563,"Out (inning-ending, verify)",True,False,21.259057837333522,-0.4,2.4440330536179498,29.791189611149846,True,"1,2,3,2,5"
y1_d186_TDW_ARN,208.0,7,Top,55.0,TDW-7408,TDW-4773,ARN-4047,ARN-4713,Safe,True,False,23.070338754758765,-0.6,2.4941144064431167,27.470638913194136,True,"1,2,3,9,2,5"
y1_d187_RRM_VAS,6.0,1,Top,2.0,RRM-1635,RRM-7456,VAS-6217,VAS-6967,Safe,True,False,20.4072936052242,0.1,4.054173517381032,26.146527398247486,True,"1,2,3,16,2,5"
y1_d187_TDW_ARN,49.0,1,Bottom,11.0,ARN-9340,ARN-9073,TDW-3648,TDW-0409,Safe,False,False,25.284443137837584,-0.55,0.4884783408782192,25.76481505908859,False,"1,2,5"
y1_d187_TDW_ARN,154.0,5,Top,39.0,TDW-7408,TDW-6508,ARN-5103,ARN-4713,"Out (inning-ending, verify)",True,False,22.864904339741678,-0.65,0.7834953076421999,29.18202274872737,True,"1,2,3,2,5"
y1_d189_PHD_ARN,139.0,4,Bottom,31.0,ARN-9340,ARN-8132,PHD-1174,PHD-5504,"Out (inning-ending, verify)",True,False,21.85652854740284,-0.6,1.6051149979150279,26.343859750496392,True,"1,2,3,2,5"
y1_d190_PHD_ARN,17.0,1,Top,4.0,PHD-5994,PHD-8619,ARN-3401,ARN-3835,Safe,True,False,23.199138551793887,-0.528,0.6551500200699157,27.79198174117603,True,"1,2,3,2,5"
y1_d190_PHD_ARN,160.0,5,Top,35.0,PHD-1580,PHD-4573,ARN-3401,ARN-3835,Safe,True,False,23.863240765619487,-0.429,0.2602907043183883,30.15296053366208,True,"1,2,3,2,5"
y1_d194_FXP_ANI,41.0,1,Bottom,9.0,ANI-7878,ANI-3369,FXP-3040,FXP-2328,Safe,True,False,20.88987885731853,0.0,2.275968035637064,27.40680083365625,True,"1,2,3,2,5"
y1_d195_ARN_PHD,134.0,5,Top,38.0,ARN-6658,ARN-2168,PHD-1174,PHD-1833,"Out (inning-ending, verify)",True,False,21.997810721331252,-0.3,1.1512193337408583,27.35006799541388,True,"1,2,3,2,5"
y1_d195_ARN_PHD,216.0,8,Bottom,65.0,PHD-5994,PHD-7543,ARN-0344,ARN-9747,Safe,False,False,22.428033888782238,-0.1,1.3251836588202541,27.78337043934549,False,"1,2,5"
y1_d196_ARN_PHD,73.0,3,Bottom,21.0,PHD-1580,PHD-3597,ARN-3401,ARN-0174,Safe,True,False,25.856316306666226,-0.35,1.9857647855958422,30.203122837451062,True,"1,2,3,2,5"
y1_d196_ARN_PHD,249.0,8,Top,62.0,ARN-6201,ARN-0174,PHD-7642,PHD-5504,Safe,False,False,37.13264528351588,-1.1,0.2813542040930999,31.24070173954472,False,"1,2,5"
y1_d196_ARN_PHD,363.0,11,Top,89.0,ARN-9073,ARN-3382,PHD-0353,PHD-5504,"Out (inning-ending, verify)",True,False,25.115279863277927,-0.45,0.4875123047823688,26.709258719438722,True,"1,2,3,16,2,5"
y1_d196_FXP_ANI,188.0,6,Bottom,51.0,ANI-2218,ANI-6566,FXP-6631,FXP-2328,Safe,True,False,22.72966331359084,-0.55,0.364957889666647,26.390560524005906,True,"1,2,3,2,5"
y1_d196_FXP_ANI,211.0,7,Top,56.0,FXP-7976,FXP-5177,ANI-0701,ANI-6566,"Out (inning-ending, verify)",True,False,19.424339541023624,-0.45,2.4119907377298797,29.516430659593595,True,"1,2,3,16,2,5"
y1_d197_ARN_PHD,72.0,2,Top,16.0,ARN-0168,ARN-2168,PHD-3253,PHD-1833,Safe,True,False,25.708655582515675,-0.495,1.6947542881286066,30.179794888983263,True,"1,2,3,2,5"
y1_d197_FXP_ANI,206.0,7,Top,52.0,FXP-0583,FXP-8737,ANI-2218,ANI-1431,Safe,False,False,34.407553840407544,-1.023,1.3598419493155351,24.72632367953398,False,"1,2,5"
y1_d198_JGO_VAS,110.0,4,Bottom,27.0,VAS-1487,VAS-4154,JGO-4434,JGO-3022,Safe,False,False,19.604152808644148,-0.35,2.8583370297521435,29.66179081128118,False,"1,2,5"
y1_d199_JGO_VAS,65.0,2,Bottom,17.0,VAS-1487,VAS-0984,JGO-2775,JGO-6868,Safe,True,False,22.54493984721962,0.05,0.7492866649798863,38.14056523068981,True,"1,2,3,16,16,16,16,2,3,2,5"
y1_d202_PHD_VAS,43.0,1,Bottom,7.0,VAS-1487,VAS-9157,PHD-1174,PHD-1833,Safe,True,False,20.04705688525595,0.2,1.4636494480569162,27.305273655031925,True,"1,2,3,9,16,2,5"
y1_d209_PHD_VAS,256.0,8,Top,62.0,PHD-8557,PHD-6069,VAS-1111,VAS-6967,Safe,True,False,24.526425647833076,-0.1,8.821823403107748,27.90076601988808,True,"1,2,3,16,2,5"
y1_d209_PWH_ARN,275.0,7,Top,66.0,PWH-7322,PWH-9287,ARN-7882,ARN-9747,Safe,True,False,21.97645587858522,-0.6,1.5684539755087656,26.497641899805444,True,"1,2,3,2,5"
y1_d209_PWH_ARN,385.0,9,Bottom,91.0,ARN-6658,ARN-9747,PWH-6361,PWH-4250,Safe,False,True,30.82555590510849,-0.05,0.8221229460400122,20.040093161354378,True,"1,2,3,2,5"
y1_d209_QHX_ANI,399.0,10,Bottom,97.0,ANI-1431,ANI-7878,QHX-9281,QHX-1235,Safe,True,False,25.668627378450584,0.2,0.36521607860751115,25.806531652827616,True,"1,16,2,3,16,16,16,2,3,2,5"
y1_d211_PHD_VAS,2.0,1,Top,2.0,PHD-8557,PHD-7743,VAS-3357,VAS-2605,Safe,True,False,25.33215571461458,-0.15,2.764295344855447,27.440533592800662,True,"1,2,3,2,5"
y1_d211_PWH_ARN,201.0,5,Top,45.0,PWH-0771,PWH-0906,ARN-7290,ARN-0174,Safe,True,False,19.051697650620238,-0.33,1.3287334439695193,31.29269570699203,True,"1,2,3,2,5"
y1_d211_PWH_ARN,255.0,6,Bottom,58.0,ARN-6658,ARN-0174,PWH-1559,PWH-3779,Safe,True,False,25.8169871435492,-0.561,1.1131088905496096,28.253083826641582,True,"1,2,3,2,5"
y1_d211_QHX_ANI,267.0,8,Bottom,76.0,ANI-4963,ANI-6566,QHX-5086,QHX-7252,Safe,True,False,22.64165329190479,0.0,4.981663677984319,26.842215506885694,True,"1,2,3,16,2,5"
y1_d212_PWH_ARN,51.0,1,Bottom,10.0,ARN-6658,ARN-9747,PWH-3926,PWH-0131,Safe,False,False,26.18828090769396,-0.594,0.7782717578631125,27.603031949882272,False,"1,2,5"
y1_d212_PWH_ARN,75.0,2,Top,16.0,PWH-0131,PWH-2067,ARN-3888,ARN-0174,Safe,False,False,21.16188374466146,-0.231,1.1092270092875796,28.698026125806283,False,"1,16,9,2,5"
y1_d213_HNO_ARN,246.0,8,Top,67.0,HNO-6636,HNO-7403,ARN-6654,ARN-9747,Safe,False,True,29.794594637357488,-0.627,0.8699014656066301,36.12245050030212,False,"1,2,5"
y1_d217_VAS_ARN,34.0,1,Top,7.0,VAS-3928,VAS-2605,ARN-2018,ARN-0174,Safe,False,True,24.067748043080627,-0.35,0.4352590339229937,26.789314759383345,False,"1,2,5"
