game_string,play_per_game,runner,catcher,outcome_raw,outcome_model,safe_binary,outcome_factor,top_speed,top_speed_mph,jump,pop_time,throw_velo,exchange_time,flight_time,arrival_dist_to_2b
y1_d066_VAS_PHD,18.0,PHD-5994,VAS-5761,Safe,Safe,1.0,Safe,27.370991613337278,18.662034759822397,4.676853279666336,2.013,77.60145597861323,0.726,1.287,0.9201846472283015
y1_d073_XPO_PHD,56.0,PHD-5994,XPO-7814,"Caught (inning-ending, verify)",Out,0.0,Out,27.064346506185473,18.45295860615437,4.317526957849687,1.95,71.99716868894828,0.65,1.3,3.2359584809630726
y1_d073_XPO_PHD,370.0,XPO-3462,PHD-0571,Safe,Safe,1.0,Safe,28.53671193640149,19.45684385905339,4.613824188822992,1.95,74.93854274070446,0.7,1.25,2.836747091081447
y1_d075_XPO_PHD,149.0,XPO-9254,PHD-1790,"Caught (inning-ending, verify)",Out,0.0,Out,27.41129993245325,18.689517697345412,3.0406199023955764,1.848,77.70711304630484,0.66,1.188,7.774741078574345
y1_d077.5_PHD_VAS,174.0,PHD-8619,VAS-9559,"Caught (inning-ending, verify)",Out,0.0,Out,26.644054931538154,18.166396245311482,8.124856591854085,1.9,75.89478796463513,0.65,1.25,3.3180567217951302
y1_d083_RYU_PHD,209.0,PHD-4573,RYU-6946,Safe,Safe,1.0,Safe,26.995188338976796,18.40580532290448,3.9297965968385107,1.9,79.4337552415404,0.65,1.25,3.928283256836725
y1_d086_OSW_VAS,132.0,VAS-0984,OSW-5572,"Caught (inning-ending, verify)",Out,0.0,Out,25.6053021667992,17.458155912762695,2.5331689614012642,2.6,76.95555590611647,1.3,1.3,3.405990356332032
y1_d093_PHD_VAS,104.0,VAS-5976,PHD-0571,"Caught (inning-ending, verify)",Out,0.0,Out,26.01068370007305,17.734552339016407,3.7825726530325845,1.947,76.33648416029618,0.693,1.254,2.048065982542008
y1_d094_WLI_ARN,268.0,ARN-9073,WLI-9342,"Caught (inning-ending, verify)",Out,0.0,Out,26.787861972590623,18.264446474427793,1.0785492626528246,1.9,77.18731300792211,0.65,1.25,2.0879470496798773
y1_d096_NFP_PHD,239.0,NFP-4990,PHD-0571,Safe,Safe,1.0,Safe,27.330778948714162,18.634617041254394,4.802138366333153,1.98,75.03230199007872,0.726,1.254,2.8318191988871093
y1_d097_NYN_ARN,197.0,NYN-2285,ARN-9747,"Caught (inning-ending, verify)",Out,0.0,Out,27.466794590538115,18.727354954131517,8.41131664721684,1.95,76.62220832863594,0.6,1.35,2.7236489970228464
y1_d099_CYU_PHD,16.0,CYU-2276,PHD-5504,"Caught (inning-ending, verify)",Out,0.0,Out,25.719807971928297,17.53622803180421,3.3683701750473958,2.013,77.05497332977222,0.759,1.254,2.567111139763096
y1_d103_WTH_VAS,14.0,WTH-4286,VAS-9559,"Caught (inning-ending, verify)",Out,0.0,Out,29.001404371852573,19.77367952600778,3.9047054824590397,1.9,77.05907502731287,0.65,1.25,2.5123427226876935
y1_d104.5_FSD_ARN,97.0,ARN-6658,FSD-3995,"Caught (inning-ending, verify)",Out,0.0,Out,26.715577024422128,18.215161295637447,8.491615108254011,2.0,77.64559106609451,0.7,1.3,6.209725320621338
y1_d105.5_OER_ANI,166.0,OER-0542,ANI-1165,Safe,Safe,1.0,Safe,27.06303987851429,18.452067723888856,1.078394521445599,1.9,72.59601211083594,0.65,1.25,2.8522352216455342
y1_d106_MSN_VAS,278.0,VAS-5976,MSN-5457,"Caught (inning-ending, verify)",Out,0.0,Out,26.815087456184763,18.283009299200984,0.7172371017867825,1.9,76.98576772284542,0.65,1.25,5.169424833723579
y1_d111_XGM_PHD,155.0,XGM-5318,PHD-5504,Safe,Safe,1.0,Safe,28.422384935922416,19.378893652240752,3.39754909933788,1.85,78.74590884983068,0.65,1.2,7.179482137769703
y1_d112_JPB_ANI,223.0,JPB-3951,ANI-7970,Safe,Safe,1.0,Safe,26.685719998200653,18.194804237733173,0.8306242408672233,1.95,75.01199709495938,0.65,1.3,0.4737454692400191
y1_d115_JPB_ANI,6.0,JPB-2826,ANI-7970,Safe,Safe,1.0,Safe,28.36722098643251,19.341281878527443,3.6088899805345207,1.848,74.78883445611167,0.627,1.221,8.396797256395493
y1_d116_KTT_ARN,101.0,ARN-6658,KTT-9859,"Caught (inning-ending, verify)",Out,0.0,Out,26.628066267809828,18.15549488658556,4.030525909065818,2.5,75.6335733113708,1.25,1.25,2.4468141409707584
y1_d118_MKS_ARN,63.0,ARN-8132,MKS-3614,"Caught (inning-ending, verify)",Out,0.0,Out,28.079604769013855,19.14517996439949,4.014623980968363,1.9,82.514120919714,0.8,1.1,4.369601884908553
y1_d122_MSE_ANI,113.0,MSE-2365,ANI-6566,Safe,Safe,1.0,Safe,28.429797852319997,19.383947912073115,0.9124330757305543,1.9,78.60672641949134,0.7,1.2,0.5543692786913208
y1_d124_VAS_PHD,69.0,PHD-0812,VAS-9559,Safe,Safe,1.0,Safe,28.255324844598718,19.26498907489461,4.088236718061392,1.9,76.65818866297185,0.7,1.2,5.35672232881019
y1_d124_VAS_PHD,193.0,PHD-0812,VAS-9559,Safe,Safe,1.0,Safe,29.98746085224286,20.445990583354526,1.129415544594405,1.85,76.0890221791435,0.65,1.2,3.6343552092562423
y1_d125_MEX_ANI,148.0,MEX-6247,ANI-6566,Safe,Safe,1.0,Safe,29.90830638146595,20.392021640398355,1.4152628593551846,1.9,78.30385081286435,0.7,1.2,2.877451384553981
y1_d125_NWM_ARN,249.0,ARN-0168,NWM-1152,"Caught (inning-ending, verify)",Out,0.0,Out,28.257272915663712,19.266317304812002,4.070430806331025,1.9,76.60733840780614,0.65,1.25,2.241892164712466
y1_d126_MEX_ANI,70.0,ANI-3725,MEX-8169,"Caught (inning-ending, verify)",Out,0.0,Out,24.510131622423437,16.711448922537503,6.9223139278570684,2.05,73.3639045415613,0.8,1.25,2.598130740890368
y1_d127_MEX_ANI,163.0,MEX-0209,ANI-7970,"Caught (inning-ending, verify)",Out,0.0,Out,26.132981660564017,17.817937289842437,4.197377518922936,1.98,72.35264179862143,0.693,1.287,3.008790434856432
y1_d127_MEX_ANI,185.0,MEX-9074,ANI-7970,Safe,Safe,1.0,Safe,29.52187803076323,20.128547835178924,4.592816402789122,2.013,79.19906758893852,0.693,1.32,10.032865735969299
y1_d128_MEX_ANI,177.0,ANI-2830,MEX-8169,Safe,Safe,1.0,Safe,28.901743827405166,19.70572917291374,9.715372141278333,2.0,76.59575535645051,0.7,1.3,3.3701687870615413
y1_d133_ARN_VAS,25.0,VAS-7569,ARN-0174,Safe,Safe,1.0,Safe,25.993662540745163,17.722947006205786,0.8105566561267175,1.85,79.67319004191236,0.65,1.2,3.0887483990439892
y1_d134_ARN_VAS,81.0,ARN-6201,VAS-9559,Safe,Safe,1.0,Safe,28.3874964708441,19.355106068757983,8.532070073904872,1.9,75.24161540211004,0.6,1.3,4.480197362673084
y1_d137_EXB_ARN,104.0,EXB-2802,ARN-9747,Safe,Safe,1.0,Safe,30.008241863808212,20.46015945109799,2.1832529020859432,2.0,76.01231555844012,0.65,1.35,4.258040203425033
y1_d137_EXB_ARN,211.0,EXB-6199,ARN-9747,Safe,Safe,1.0,Safe,26.56056256877544,18.109469649517333,2.593089154830988,1.85,76.6576231389093,0.6,1.25,4.426338335523842
y1_d137_HYG_PHD,274.0,HYG-6242,PHD-5504,"Caught (inning-ending, verify)",Out,0.0,Out,26.791117992299935,18.26666648727396,4.437015332143279,1.9,76.69109501124721,0.7,1.2,1.8712866627862328
y1_d138_EXB_ARN,17.0,EXB-8390,ARN-0174,"Caught (inning-ending, verify)",Out,0.0,Out,24.0916096539729,16.426093111052495,3.733993336368334,2.1,80.2811451281536,0.95,1.15,9.032459107887487
y1_d138_HYG_PHD,168.0,HYG-0835,PHD-5619,Safe,Safe,1.0,Safe,26.47532066345992,18.051350184118917,3.530557819028761,1.914,78.91259792907071,0.726,1.188,4.474492637024835
y1_d138_QBR_ANI,178.0,ANI-2218,QBR-3535,"Caught (inning-ending, verify)",Out,0.0,Out,25.41695392632516,17.329736692139168,0.9441607883609464,2.0,77.65173094630339,0.75,1.25,3.2420982971975283
y1_d139_QBR_ANI,57.0,QBR-2493,ANI-5638,Safe,Safe,1.0,Safe,28.249996193586743,19.261355904718926,3.6636321292424263,2.05,71.19207379278599,0.65,1.4,6.78885572735025
y1_d140_VAS_ARN,284.0,VAS-7028,ARN-9747,Safe,Safe,1.0,Safe,28.56619393403331,19.476945215714725,1.1904324456837472,1.9,75.89150843581362,0.65,1.25,2.453397635738555
y1_d141_QBR_ANI,58.0,ANI-2596,QBR-6071,Safe,Safe,1.0,Safe,25.966046639707763,17.70411798779227,3.779873079715376,1.947,75.33120184426645,0.759,1.188,3.1154276752219583
y1_d144_BKO_VAS,49.0,VAS-5184,BKO-6847,"Caught (inning-ending, verify)",Out,0.0,Out,26.90596098099299,18.34496850413868,10.49174670795907,1.9,74.94613260633602,0.65,1.25,2.6464194352810506
y1_d145_ADQ_ANI,368.0,ADQ-3824,ANI-6566,Safe,Safe,1.0,Safe,26.317813431716434,17.943958918386038,2.759189916157542,1.95,76.30409706782311,0.75,1.2,3.062817878340716
y1_d145_ALC_ARN,85.0,ALC-5586,ARN-0174,Safe,Safe,1.0,Safe,28.629529935894706,19.52012884183186,0.9406822022382606,1.95,72.52276621554599,0.65,1.3,5.267544086328237
y1_d145_ALC_ARN,163.0,ALC-9240,ARN-0174,Safe,Safe,1.0,Safe,31.022755868184095,21.151873360533546,1.4620993417843557,2.1,73.49289536373115,0.75,1.35,6.1372989174127355
y1_d148_VHA_PHD,35.0,PHD-8619,VHA-5456,"Caught (inning-ending, verify)",Out,0.0,Out,28.308650838675828,19.301347697524278,3.7129511157254385,1.914,77.03408492758443,0.693,1.221,1.945413051156376
y1_d148_VHA_PHD,78.0,PHD-1960,VHA-5456,Safe,Safe,1.0,Safe,29.38515690280456,20.0353289091564,3.9718488516352615,1.782,80.16039042701813,0.627,1.155,1.2671908495849835
y1_d149_VNG_VAS,112.0,VNG-4196,VAS-1238,Safe,Safe,1.0,Safe,28.091492875768832,19.153285489570955,10.77957172486122,1.9,77.30448459977364,0.65,1.25,5.6571701875295854
y1_d150_VNG_VAS,18.0,VNG-6954,VAS-6967,"Caught (inning-ending, verify)",Out,0.0,Out,27.314069888231217,18.623224503054033,8.755013959248632,2.0,80.31553862972972,0.8,1.2,2.022665652204281
y1_d150_VNG_VAS,150.0,VNG-4196,VAS-6967,"Caught (inning-ending, verify)",Out,0.0,Out,27.624836600666445,18.835110841393195,10.642363135884885,1.9,80.50524330073698,0.75,1.15,5.621382006409057
y1_d151_VNG_VAS,98.0,VAS-4154,VNG-5259,Safe,Safe,1.0,Safe,26.100850611676993,17.796029762352386,7.853832150883532,1.9,78.47831458973403,0.65,1.25,3.4703087146067633
y1_d152_VAS_PHD,62.0,VAS-1487,PHD-5619,Safe,Safe,1.0,Safe,28.551426222841503,19.466876324405348,4.5236421539089555,1.9,78.85415417374584,0.7,1.2,4.269510566482285
y1_d152_VAS_PHD,297.0,PHD-9663,VAS-1238,Safe,Safe,1.0,Safe,27.82690794969018,18.97288672444186,4.360179318288566,1.9,75.60829650353483,0.7,1.2,2.8801553452124735
y1_d153.5_RME_ARN,137.0,RME-4608,ARN-2183,Safe,Safe,1.0,Safe,27.460686858075768,18.723190592199504,0.728247291551682,1.9,73.54253977913328,0.65,1.25,4.713605740785582
y1_d154_VAS_PHD,75.0,VAS-9164,PHD-5504,"Caught (inning-ending, verify)",Out,0.0,Out,28.05523452849945,19.12856389575244,4.807858697381894,1.85,78.31821728300693,0.65,1.2,5.3209699220059115
y1_d155.5_XOZ_ARN,28.0,ARN-6201,XOZ-7026,"Caught (inning-ending, verify)",Out,0.0,Out,29.124731109886852,19.857765915880833,4.136444545780929,1.914,77.9363921740361,0.726,1.188,2.848546472473049
y1_d155_VAS_PHD,193.0,PHD-5994,VAS-1238,Safe,Safe,1.0,Safe,27.42089036115012,18.696056624258656,4.064757589445726,2.046,74.31046762295391,0.759,1.287,1.961142098924853
y1_d155_XOZ_ARN,103.0,ARN-6201,XOZ-3062,Safe,Safe,1.0,Safe,28.07163175419631,19.13974381938262,3.7060673895270284,1.98,72.3343235004721,0.693,1.287,5.458627755587332
y1_d162_KZR_VAS,59.0,KZR-1397,VAS-6967,"Caught (inning-ending, verify)",Out,0.0,Out,25.755000907749157,17.560223208919716,8.01876204948205,1.95,78.32495953532268,0.75,1.2,0.14189619930923225
y1_d163_FNQ_PHD,66.0,PHD-0812,FNQ-7853,Safe,Safe,1.0,Safe,28.201649083128494,19.228391974560505,9.36088741270037,1.95,81.9785157275152,0.8,1.15,6.185788684898923
y1_d163_FNQ_PHD,93.0,FNQ-3114,PHD-5504,Safe,Safe,1.0,Safe,28.55528304450141,19.469505974835865,3.721074076894947,2.0,75.79081183034718,0.6,1.4,3.638405643883172
y1_d164.5_SZJ_ANI,53.0,ANI-8572,SZJ-2292,"Caught (inning-ending, verify)",Out,0.0,Out,26.845458937825896,18.303717122070577,4.519669989616833,2.0,76.27456681812055,0.8,1.2,3.1791515769190855
y1_d164_FNQ_PHD,17.0,FNQ-9692,PHD-5504,"Caught (inning-ending, verify)",Out,0.0,Out,25.53458976419944,17.409942923846934,3.314236391019378,1.9,77.19740841525413,0.65,1.25,2.737308325604768
y1_d165_SZJ_ANI,270.0,ANI-6943,SZJ-2368,Safe,Safe,1.0,Safe,26.661324145419837,18.178170706181863,1.0626439384560094,1.9,76.24409324869042,0.7,1.2,5.08497215692069
y1_d166_SZJ_ANI,183.0,ANI-3725,SZJ-5082,Safe,Safe,1.0,Safe,25.036381379398424,17.070255479338677,8.488773740776711,1.95,80.75968250318354,0.75,1.2,3.8598523370534057
y1_d166_SZJ_ANI,252.0,ANI-1193,SZJ-5082,"Caught (inning-ending, verify)",Out,0.0,Out,28.954794294483055,19.74189993627585,1.9046435045516645,1.8,78.77925039820663,0.6,1.2,2.7713254044532447
y1_d166_SZJ_ANI,340.0,ANI-7878,SZJ-5082,Safe,Safe,1.0,Safe,30.424649461431446,20.744073646494268,0.8440338703113461,1.9,77.67928090167041,0.7,1.2,0.032079390793893166
y1_d167_EMB_ANI,149.0,ANI-6943,EMB-9453,"Caught (inning-ending, verify)",Out,0.0,Out,25.83209917136832,17.612790192824008,6.181864486404116,1.85,76.99896492547147,0.7,1.15,3.5670481405215804
y1_d168_MPC_PHD,58.0,PHD-9383,MPC-1978,"Caught (inning-ending, verify)",Out,0.0,Out,28.646042664633214,19.53138751751489,4.543396150214644,1.8,80.0777429891858,0.6,1.2,2.7918517389867628
y1_d177_VAS_PHD,169.0,PHD-9383,VAS-3698,Safe,Safe,1.0,Safe,28.572041924289646,19.48093248073532,4.748381118727515,1.95,79.685145681546,0.7,1.25,1.0147291724755625
y1_d178_AVV_ARN,100.0,ARN-6658,AVV-5369,Safe,Safe,1.0,Safe,26.903472274430225,18.343271659207467,3.1268689202769835,1.914,80.0979157041931,0.693,1.221,1.4237722686978067
y1_d178_AVV_ARN,176.0,ARN-8020,AVV-5369,"Caught (inning-ending, verify)",Out,0.0,Out,27.318537064875215,18.62627030449909,5.236636876653385,1.881,77.53995235286473,0.66,1.221,2.807303806714578
y1_d179_YXL_PHD,12.0,YXL-4997,PHD-5504,"Caught (inning-ending, verify)",Out,0.0,Out,27.27705435948016,18.597986649272045,4.041261680321426,2.0,74.09574731964497,0.65,1.35,1.9031676717892554
y1_d179_YXL_PHD,195.0,PHD-9663,YXL-6594,Safe,Safe,1.0,Safe,27.405810584535498,18.685774961126825,4.443986420942142,2.05,75.14630199414543,0.75,1.3,3.1500260688685815
y1_d182_TQS_PHD,176.0,TQS-4170,PHD-5619,"Caught (inning-ending, verify)",Out,0.0,Out,28.527323830626997,19.45044287955044,4.5024332001273635,1.9,79.81800427014903,0.75,1.15,3.269388417288162
y1_d185_RRM_VAS,98.0,RRM-7456,VAS-2605,Safe,Safe,1.0,Safe,26.518945417335054,18.081094326556553,4.042477967237158,1.9,76.10499131491409,0.6,1.3,0.5910593020455419
y1_d186_TDW_ARN,165.0,ARN-6201,TDW-9563,"Caught (inning-ending, verify)",Out,0.0,Out,28.814448160249317,19.64620941572487,8.412344108825872,1.85,75.73517759864409,0.65,1.2,4.090262386804208
y1_d187_RRM_VAS,6.0,RRM-1635,VAS-6967,Safe,Safe,1.0,Safe,25.624430334377358,17.471197841724504,10.860957051151068,2.05,78.64260472845186,0.75,1.3,2.7728676285342244
y1_d187_TDW_ARN,154.0,TDW-7408,ARN-4713,"Caught (inning-ending, verify)",Out,0.0,Out,28.323994153256457,19.31180904558501,0.6449522700960841,1.85,82.75509842288841,0.75,1.1,5.240203209506445
y1_d189_PHD_ARN,139.0,ARN-9340,PHD-5504,"Caught (inning-ending, verify)",Out,0.0,Out,25.89029731092426,17.652470731939758,0.9199643681048286,1.85,81.96524610410543,0.7,1.15,4.826975634238322
y1_d190_PHD_ARN,17.0,PHD-5994,ARN-3835,Safe,Safe,1.0,Safe,27.629000961057788,18.8379501772665,3.580119838746935,1.947,74.73586108328577,0.726,1.221,5.085535329353069
y1_d190_PHD_ARN,160.0,PHD-1580,ARN-3835,Safe,Safe,1.0,Safe,29.220435044329903,19.923018581054926,2.985103411735384,2.013,73.28796491028888,0.726,1.287,2.384880057146988
y1_d194_FXP_ANI,41.0,ANI-7878,FXP-2328,Safe,Safe,1.0,Safe,26.766043023531925,18.24956992221849,0.7634821555987763,1.95,76.83007664566111,0.7,1.25,5.721637799625563
y1_d195_ARN_PHD,134.0,ARN-6658,PHD-1833,"Caught (inning-ending, verify)",Out,0.0,Out,26.86003610495553,18.313656097008572,4.4923673200168395,1.9,76.02446029454495,0.7,1.2,5.292733355116788
y1_d196_ARN_PHD,73.0,PHD-1580,ARN-0174,Safe,Safe,1.0,Safe,27.876841553968337,19.006932354643585,4.225448252716223,1.9,75.79023735331155,0.65,1.25,8.196181526253092
y1_d196_ARN_PHD,363.0,ARN-9073,PHD-5504,"Caught (inning-ending, verify)",Out,0.0,Out,26.52899109401141,18.087943649736673,3.610596116887219,1.75,78.78777560595474,0.6,1.15,4.27513179578608
y1_d196_FXP_ANI,188.0,ANI-2218,FXP-2328,Safe,Safe,1.0,Safe,26.154034261583725,17.832291332164495,9.107151091634467,1.95,74.58212579251271,0.7,1.25,2.8724088040897553
y1_d196_FXP_ANI,211.0,FXP-7976,ANI-6566,"Caught (inning-ending, verify)",Out,0.0,Out,29.1477728800379,19.87347620952168,3.3668389492086135,1.95,78.60762860919753,0.7,1.25,2.3881436357672183
y1_d197_ARN_PHD,72.0,ARN-0168,PHD-1833,Safe,Safe,1.0,Safe,29.37674070885756,20.029590596631845,3.711507933272422,2.013,73.47783128723356,0.759,1.254,6.100754960567242
y1_d209_PHD_VAS,256.0,PHD-8557,VAS-6967,Safe,Safe,1.0,Safe,27.311693859200137,18.62160448369212,1.203840478525187,1.9,80.97288028714513,0.65,1.25,1.5548855720497705
y1_d209_PWH_ARN,275.0,PWH-7322,ARN-9747,Safe,Safe,1.0,Safe,26.408601279330604,18.005859707070634,8.826985194839665,1.95,74.0053185418223,0.65,1.3,4.2706695042078175
y1_d211_PHD_VAS,2.0,PHD-8557,VAS-2605,Safe,Safe,1.0,Safe,27.03593885256254,18.433589756576488,1.3583823485931887,1.9,76.30056813620531,0.65,1.25,4.4949440915276595
y1_d211_PWH_ARN,201.0,PWH-0771,ARN-0174,Safe,Safe,1.0,Safe,30.583416107099954,20.852323603310676,3.984839535344465,1.947,76.70530930545766,0.726,1.221,6.92828247444945
y1_d211_PWH_ARN,255.0,ARN-6658,PWH-3779,Safe,Safe,1.0,Safe,27.60437753117356,18.821161479549698,2.950136807963375,1.947,71.3151724596955,0.627,1.32,3.200242543332517
y1_d211_QHX_ANI,267.0,ANI-4963,QHX-7252,Safe,Safe,1.0,Safe,26.803307330585774,18.274977397525333,0.6960003640490413,1.9,70.70391271902281,0.6,1.3,4.497977122460084
y1_d212_QHX_ANI,189.0,ANI-2218,QHX-1235,"Caught (inning-ending, verify)",Out,0.0,Out,26.439775716814083,18.027114999686745,3.5701074783710176,1.98,78.85848113425413,0.792,1.188,1.014645689273767
